{
	"3" : [ 3674.219921066417555, 2.47861419145833, 1.045279026031494 ],
	"2" : [ 919.11848545114276, -19.964291805599615, 0.416467272013023 ],
	"1" : [ 234.848221747112461, -17.829266159125172, 0.500616095587038 ],
	"0" : [ 37.243068316322727, -0.473008360849409, 1.087063789367676 ]
}
