{
	"3" : [ 4000.0, -10.610740906216591, 1.045279026031494 ],
	"2" : [ 729.49383544921875, -0.89479475062407, 0.775607526302338 ],
	"1" : [ 257.643035888671875, -0.05125657063287, 0.665051817893982 ],
	"0" : [ 52.984004974365234, -13.577210995157651, 1.087063789367676 ]
}
