{
	"3" : [ 1795.91564408582849, -0.473008360849409, 0.471374658108092 ],
	"2" : [ 540.166507577272, -0.894794558652723, 0.775607526302338 ],
	"1" : [ 289.26192147851674, 0.792149410780323, 0.940871724161567 ],
	"0" : [ 56.84061987823933, -12.305064551091005, 0.714974851328443 ]
}
